X;Y;osm_id;type;name;operator;emergency;wheelchair;opening_hours;ref_finess;type_finess;ref_naf;capacity;for_public;ref_siret;phone;com_insee;com_nom
4.8228613;45.7410037003808;node/10078352508;doctors;Espace Santé Confluence;AST Grand Lyon;;;;;;;;;;;"69123";Lyon
4.8736576;45.7554965003787;node/10126413102;dentist;;;;;"Mo,We 09:00-18:45; Tu 09:00-13:00; Th 09:00-18:00; Fr,Su off; Sa 09:00-15:00";;;;;;;;"69123";Lyon
4.8761663;45.7567563003785;node/10126449462;clinic;Cabinet d'infirmier des Maisons Neuves;;;;;;;;;;;;"69123";Lyon
4.8760065;45.7332707003818;node/10127986031;doctors;Physio Mermoz;;;;;;;;;;;"+33982265990";"69123";Lyon
4.8740606;45.7328700003819;node/10128014736;doctors;Centre Médico-Psychologique Maryse Bastié;;;;;;;;;;;;"69123";Lyon
4.8743369;45.7329328003819;node/10128014737;doctors;Renaud Zimmermann;;;;;;;;;;;;"69123";Lyon
4.8736516;45.7332857003818;node/10128014738;doctors;Pascal Bouteldja;;;;;;;;;;;;"69123";Lyon
4.8838359;45.7327287003819;node/10128149378;doctors;Laurent Chapuis;;;;;;;;;;;;"69123";Lyon
4.8528767;45.7367903003813;node/10178669537;pharmacy;;;;;;;;;;;;;"69123";Lyon
4.8532122;45.7345038003817;node/10178670632;dentist;Laboratoire Protheses Dentaires V.Ceccarelli;;;;;;;;;;;;"69123";Lyon
4.8527435;45.7371049003813;node/10178677043;clinic;Cabinet infirmier G.Dubois/M.Radovic;;;;"""7J/7 sur RDV""";;;;;;;;"69123";Lyon
4.8538358;45.7341922003817;node/10178682559;clinic;Cabinet Infirmier;;;;;;;;;;;;"69123";Lyon
4.8073502;45.7785464003754;node/1151275920;pharmacy;Pharmacie de la gare d'eau;;;;"Mo-Su,PH 08:00-19:30";"690022652";;;;;"33977614800019";+33 4 78 83 79 69;"69123";Lyon
4.8435577;45.7477004003798;node/1361320009;pharmacy;Pharmacie Jean Macé;;;yes;"Mo-Fr 08:30-19:15; Sa 08:30-12:30";"690021571";;;;;"51398320500016";+33 4 78 72 44 33;"69123";Lyon
4.8080562;45.7858503003744;node/1364627184;pharmacy;Pharmacie du 9e;;;;;"690022702";;;;;"81867205700010";+33 4 78 83 71 33;"69123";Lyon
4.8448324;45.7505966003794;node/1383283903;pharmacy;Pharmacie Saint-Louis;;;yes;"Mo 14:00-19:30, Tu-Sa 08:45-12:30, Tu-Fr 14:00-19:45";"690021555";;;;;"49030568700017";+33 4 78 72 36 79;"69123";Lyon
4.791798;45.7657986003772;node/1538874573;pharmacy;Pharmacie des Deux Amants;;;;"Mo-Fr 09:00-12:00,14:30-19:15; Sa 09:00-12:00";"690022686";;;;;"52759722300017";+33 4 78 36 02 36;"69123";Lyon
4.827309;45.7794528003753;node/1555288674;pharmacy;Pharmacie des Canuts;;;;;"690020003";"620";4773Z;;;"49828346400010";+33 4 78 29 87 47;"69123";Lyon
4.7964549;45.7566175003786;node/1576765210;pharmacy;Pharmacie du Point du Jour;;;;;"690020284";;;;;"35191273800025";;"69123";Lyon
4.8298511;45.7982183003726;node/1585014854;pharmacy;Pharmacie de l'Île Barbe;;;;08:30-19:00;"690022553";;;;;"38933653800035";+33 4 78 83 99 40;"69123";Lyon
4.8509651;45.7569609003785;node/1600251556;doctors;Cabinet Infirmier Lyonnais;;;;;;;;;;;;"69123";Lyon
4.8541071;45.7488652003796;node/1683846890;hospital;Clinique dentaire et d'orthodontie mutualiste;;no;;;;;;;;;;"69123";Lyon
4.8349223;45.7777429003756;node/1700610839;pharmacy;Pharmacie de la Place Bertone;;;;"Mo-Sa 08:30-12:30, Mo-Fr 14:15-20:00";"690020052";;;;;;+33 4 78 28 73 62;"69123";Lyon
4.858889;45.753720100379;node/1752315938;pharmacy;Pharmacie de LYON;;;yes;Mo-Fr 08:30-19:30;"690021407";;;;;"48853964400028";+33 4 78 72 33 49;"69123";Lyon
4.8293313;45.753514300379;node/1790686107;pharmacy;Pharmacie Khalatbari;;;;Mo-Sa 09:00-19:00;"690018817";;;;;;+33 4 78 37 10 67;"69123";Lyon
4.8294666;45.774876600376;node/1797690563;pharmacy;Pharmacie du Marché;;;yes;"Tu-Su 08:45-12:00,14:30-19:00; Mo 14:30-19:00";"690020102";;;;;;+33 4 78 28 03 12;"69123";Lyon
4.8321327;45.7753724003759;node/1797691223;pharmacy;Pharmacie Lafayette de la Place;;;yes;"Mo-Fr 08:30-19:30; Sa 08:30-19:00";"690019872";;;;;;"+33478282807";"69123";Lyon
4.8315339;45.774734700376;node/1823027272;pharmacy;Pharmacie de la croix rousse;;;;"Mo-Sa 08:45-12:30,14:00-19:00";"690019856";;;;;"45287861400018";+33 4 78 28 30 28;"69123";Lyon
4.8329484;45.7644460003775;node/1874833136;pharmacy;Boticinal Grande Pharmacie de Lyon Saint-Nizier;;;;Mo-Sa 08:00-20:00;"690017900";;;;;"84269838300028";"+33478392408";"69123";Lyon
4.8300126;45.7689154003768;node/1975521480;pharmacy;Pharmacie Cueilleron;;;;Mo-Fr 08:45-20:00;"690017934";;;;;;+33 4 78 28 63 90;"69123";Lyon
4.8282739;45.7662567003772;node/1981632346;pharmacy;Grande Pharmacie Saint-Paul;;;;;"690020367";;;;;"41807169200010";+33 4 78 28 16 35;"69123";Lyon
4.8281538;45.7683178003769;node/1981632348;pharmacy;Pharmacie Saint-Vincent;;;;"Mo-Fr 08:15-12:30,13:30-19:30, Sa 08:30-12:30,14:00-19:30";"690017785";;;;;"32802822000023";+33 4 78 28 06 15;"69123";Lyon
4.7922134;45.7588492003782;node/2013826549;pharmacy;Pharmacie des Aqueducs;;;;;"690020151";;;;;"79204427300011";;"69123";Lyon
4.8332116;45.7768234003757;node/2019554931;pharmacy;Pharmacie du Mail;;;;;"690019971";"620";4773Z;;;"32855493600026";+33 4 78 28 20 56;"69123";Lyon
4.832197;45.7761364003758;node/2019632290;pharmacy;Pharmacie des Lions;;;;;"690019906";"620";4773Z;;;"49828346400010";+33 4 78 39 29 24;"69123";Lyon
4.8426935;45.7559100003787;node/203963968;pharmacy;Pharmacie Jeantet;;;yes;Mo-Sa 08:00-19:30;"690019351";;;;;"45409511800013";+33 4 78 60 13 37;"69123";Lyon
4.8424818;45.7552449003788;node/203963982;pharmacy;Pharmacie de la Guillotière;;;yes;"Mo-Fr 08:45-13:00,13:45-19:30, Sa 09:00-13:00,14:00-19:00";"690021282";;;;;"83850405800010";+33 4 78 72 32 04;"69123";Lyon
4.8266996;45.7741738003761;node/2074304501;pharmacy;Pharmacie Moreau;;;;"Mo-Fr 08:30-12:30, Sa 08:30-13:00,14:00-19:00, Mo-Fr 14:00-19:30";"690019807";;;;;"45311847300017";+33 4 78 27 01 95;"69123";Lyon
4.8328938;45.774734100376;node/2078674107;pharmacy;Pharmacie Du Gros Caillou;;;;"Mo-Fr 08:00-13:00, 13:30-19:00 ; Sa 09:00-12:30, 15:00-18:30";"690019823";;;;;"48216536200013";+33 4 78 28 46 82;"69123";Lyon
4.8419751;45.7544751003789;node/2181674851;clinic;Comité Départemental d'Hygiène Sociale;;;;;"690018239";;;;;;"+33472731276";"69123";Lyon
4.8427077;45.7586846003783;node/2181746725;doctors;Marie Merle psychologue clinicienne;;;;;;;;;;;;"69123";Lyon
4.8442872;45.7506842003794;node/2205019190;doctors;;;;;;;;;;;;;"69123";Lyon
4.8263701;45.7594761003782;node/2304469783;pharmacy;Pharmacie du Vieux-Lyon;;;;"Mo 14:30-19:00 ; Tu-Fr 09:00-12:00, 14:30-19:00 ; Sa 09:00-12:00";"690020250";;;;;;+33 4 78 42 25 35;"69123";Lyon
4.7855842;45.7570427003785;node/2311027206;pharmacy;Pharmacie de Ménival;;;;;"690020334";;;;;;+33 4 78 25 09 16;"69123";Lyon
4.8481729;45.753353400379;node/2322617258;dentist;Dentego;;;yes;Mo-Fr 09:00-19:00;;;;;;"83537091700014";;"69123";Lyon
4.8359766;45.7573210003784;node/243510445;pharmacy;Pharmacie Bel;;;yes;"Mo-Fr 08:45-19:30; Sa 10:00-19:00";"690018171";;;;;"75035582800013";+33 4 78 37 78 71;"69123";Lyon
4.8670688;45.7449990003802;node/245957279;pharmacy;Pharmacie des Frères Lumière;;;yes;"Mo 14:30-19:00; Tu-Sa 09:00-12:30,14:30-19:00";"690022017";;;;;"51471482300010";+33 4 78 00 73 04;"69123";Lyon
4.8693738;45.7442047003803;node/245957280;pharmacy;Grande Pharmacie de Monplaisir;;;yes;"Tu-Sa 09:00-12:30,14:30-19:00; Mo 14:30-19:00";"690022033";;;;;;;"69123";Lyon
4.8727629;45.7437059003804;node/245957287;pharmacy;Pharmacie de l'Institut;;;yes;"Mo 14:30-19:00; Tu-Sa 09:00-12:30,14:30-19:00";"690021852";;;;;"53481853900015";;"69123";Lyon
4.8693568;45.7366867003813;node/247265906;pharmacy;Pharmacie Marsot et Sigaud;;;yes;"Mo 14:00-19:00; Tu-Fr 08:45-12:30,14:00-19:00; Sa 09:00-12:00,14:30-17:30";"690022132";;;;;"33800558000018";+33 4 78 01 24 21;"69123";Lyon
4.8307224;45.7557398003787;node/2475053652;pharmacy;Pharmacie Victor Hugo;;;;"Mo-Sa 08:45-12:15, Mo-Fr 14:00-19:30";"690018767";;;;;"39467355200011";+33 4 78 37 05 86;"69123";Lyon
4.8359074;45.7600922003781;node/2476288492;pharmacy;Pharmacie Hôtel Dieu;;;yes;Mo-Sa 09:00-19:30;"690018700";;;;;"45238844000029";+33 4 78 38 13 13;"69123";Lyon
4.8410187;45.7579310003784;node/249718439;pharmacy;Pharmacie du Village;;;yes;Mo-Sa 08:30-19:30;"690018916";;;;;"83191397500015";+33 4 78 60 06 52;"69123";Lyon
4.8456856;45.7520208003792;node/249718450;pharmacy;Pharmacie de l'Aigle;;;yes;;"690021522";;;;;"49766307000017";+33 4 78 72 31 05;"69123";Lyon
4.8036375;45.7792124003754;node/252156010;pharmacy;Pharmacie de la Place de Paris;;;;"Mo-Fr 08:00-13:00,14:00-19:00; Sa 09:00-12:30";"690021704";;;;;"75002076000013";+33 4 72 19 75 29;"69123";Lyon
4.8286534;45.7520219003792;node/2560866780;pharmacy;Pharmacie Jean-Pierre Foraz;;;;Mo-Sa 08:00-19:15;"690018833";;;;;"39821851100010";+33 4 78 37 38 90;"69123";Lyon
4.8293928;45.7514186003793;node/257109615;pharmacy;Pharmacie Perrache Carnot;;;yes;"Mo-Fr 08:30-19:30; Sa 08:30-12:30,14:30-19:30";"690018122";;;;;"48748681300016";+33 4 78 37 07 04;"69123";Lyon
4.8574817;45.7698191003767;node/262998578;pharmacy;Hello Pharmacie des Brotteaux;Hello Pharmacie;;yes;"Mo-Fr 08:30-19:30, Sa 09:00-12:30,14:00-19:30";"690020482";;;;;"48229969000016";+33 4 78 24 02 66;"69123";Lyon
4.8505178;45.7692398003768;node/268130818;pharmacy;Pharmacie Vitton;;;yes;Mo-Sa 08:30-19:30;"690021100";;;;;"75062329000012";+33 4 78 52 90 74;"69123";Lyon
4.8549932;45.7698188003767;node/268130819;pharmacy;Pharmacie du 6ème;;;yes;Mo-Sa 08:30-19:30;"690021134";;;;;"41494780400012";+33 4 78 89 52 10;"69123";Lyon
4.8622369;45.7410289003808;node/270293052;pharmacy;Pharmacie du 8ème;;;yes;;"690021837";;;;;"48235199600020";;"69123";Lyon
4.8852755;45.7304486003822;node/270298914;pharmacy;Pharmacie Jean Mermoz;;;yes;;"690022116";;;;;"49811662300014";;"69123";Lyon
4.8566375;45.7668935003771;node/270477202;pharmacy;Pharmacie des Brotteaux;;;yes;"Mo-Fr 08:30-19:15; Sa 09:00-12:15";"690020516";;;;;"48421688200031";+33 4 78 52 21 31;"69123";Lyon
4.8547282;45.7689701003768;node/270479913;pharmacy;Pharmacie de Sèze;;;yes;;"690021001";;;;;"48461568700015";+33 4 78 24 41 96;"69123";Lyon
4.8338623;45.7634214003776;node/270493633;pharmacy;Pharmacie Lafayette Florit;;;yes;"Mo 11:30-20:00; Tu-Fr 09:00-20:00; Sa 09:30-20:00";"690018486";;;;;"84032963500014";+33 4 78 37 74 92;"69123";Lyon
4.8332721;45.7595650003782;node/273209131;pharmacy;Pharmacie des Archers;;;;Mo-Sa 08:30-19:30;"690018072";;;;;"50291008600011";+33 4 78 42 10 21;"69123";Lyon
4.8340461;45.7589560003782;node/273211849;pharmacy;Pharmacie Reboul;;;yes;"Mo 13:45-19:00; Tu-Sa 08:45-12:15,13:45-19:00";"690018601";;;;;"34433750600010";+33 4 78 37 45 64;"69123";Lyon
4.8279687;45.7565078003786;node/2749148434;pharmacy;Pharmacie de la Passerelle;;;;"Mo-Fr 08:30-19:30; Sa 09:00-12:30";"690018502";;;;;"79783222700012";+33 4 78 37 00 92;"69123";Lyon
4.8069249;45.774644900376;node/2789756651;pharmacy;Pharmacie Normale de Vaise;;;;"Mo 14:30-19:00; Tu-Sa 09:00-12:30,14:30-19:00";"690022751";;;;;"40407303300015";+33 4 78 83 79 36;"69123";Lyon
4.8561538;45.7705190003766;node/2814036943;dentist;Centre médico-dentaire;;;;;;;;;;;;"69123";Lyon
4.8784117;45.7548607003788;node/2857958253;doctors;Dr Couty;;;;;;;;;;;;"69123";Lyon
4.8648775;45.7499414003795;node/2864995043;pharmacy;Pharmacie du Dauphin;;;yes;"Mo-Fr 08:30-12:30,13:30-19:15, Sa 09:00-12:30";"690019005";;;;;"81507509800013";+33 4 78 54 42 32;"69123";Lyon
4.8551626;45.7482158003797;node/2924501374;pharmacy;Pharmacie Lestaevel;;;;"Mo-Fr 08:00-12:15,14:00-19:00; Sa 08:30-12:00";"690021423";;;;;"41816865400014";+33 4 78 72 45 62;"69123";Lyon
4.8480727;45.7486748003797;node/2924552112;pharmacy;Pharmacie de la Madeleine;;;yes;"Mo-Fr 08:30-12:30,14:30-19:00, Sa 08:30-16:00";"690021621";;;;;"53394505100019";+33 4 78 72 47 48;"69123";Lyon
4.8810771;45.7482050003797;node/301976861;pharmacy;Pharmacie Ternamian;;;yes;"Mo 14:15-19:00; Sa 09:00-12:15; Tu-Fr 09:00-12:15,14:15-19:00";"690019021";;;;;"38261693600011";;"69123";Lyon
4.8844527;45.7496105003795;node/301977340;pharmacy;Pharmacie du Cours;;;;"Mo-Fr 08:45-12:00,14:30-19:30; Sa 08:45-12:30";"690019054";;;;;"44833869900011";;"69123";Lyon
4.839555;45.7485819003797;node/3089480246;pharmacy;Pharmacie Nesme;;;yes;"Mo 14:00-19:00; Tu-Fr 09:00-12:30, 14:00-19:00; Sa 09:00-12:30";"690021266";;;;;"35205972900017";+33 4 78 72 31 89;"69123";Lyon
4.7980599;45.7565422003786;node/3136966476;pharmacy;Grande Pharmacie de l'Ouest Lyonnais;;;;"Mo-Sa 08:30-12:30, Mo-Fr 14:00-19:45, Sa 14:00-19:30";"690020383";;;;;"43395182900012";+33 4 37 41 34 13;"69123";Lyon
4.8649046;45.732375400382;node/3137134645;pharmacy;Pharmacie Couderc;Stéphanie COUDERC RIGOULOT;;yes;"Mo-Fr 08:30-12:15, 14:00-19:00; Sa 08:30-12:15, 15:00-18:00";"690021985";"620";;;;"83532283500017";+33 4 78 74 05 20;"69123";Lyon
4.8641695;45.7333242003818;node/3137134646;pharmacy;Pharmacie des États-Unis;;;;Fermeture définitive;"690021951";;;;;"53536465700010";;"69123";Lyon
4.852954;45.7292776003824;node/3137134647;pharmacy;Pharmacie du Moulin à Vent;;;;;"690021936";;;;;"49786952900014";;"69123";Lyon
4.8663509;45.7287055003825;node/3137213319;pharmacy;Pharmacie du Marché des États-Unis;;;;"Mo 14:30-19:00; Tu-Sa 08:45-12:00,14:30-19:00";"690022173";;;;;"51273273600016";;"69123";Lyon
4.8302729;45.7530100003791;node/314423211;pharmacy;Chatelon;;;yes;;"690018106";;;;;"37951465600014";+33 4 78 37 12 58;"69123";Lyon
4.8567316;45.7621602003778;node/3146596090;pharmacy;Grande Pharmacie de la Part Dieu;;;;Mo-Sa 09:30-20:00;"690018973";;;;;;+33 4 78 71 00 54;"69123";Lyon
4.8026706;45.7681823003769;node/3161821933;pharmacy;Pharmacie Gorge de Loup;;;;"Mo-Fr 08:30 - 12:30, 13:30 - 19:30; Sa 08:30 - 12:30";"690022587";;;;;"53537098500017";+33 4 78 83 72 28;"69123";Lyon
4.8305554;45.7665948003771;node/317206214;pharmacy;Pharmacie de la Tour;;;yes;"Mo-Sa 14:30-19:30, Tu-Sa 09:00-12:30";"690017835";;;;;;+33 4 78 28 60 83;"69123";Lyon
4.832882;45.767739600377;node/317206834;pharmacy;Pharmacie des Terreaux;;;yes;"Sa 08:30-19:00; Mo 14:00-19:30; Tu-Fr 08:30-19:30";"690017983";;;;;"83846554000014";+33 4 78 28 11 91;"69123";Lyon
4.8327864;45.7555176003787;node/317207665;pharmacy;Pharmacie de la Grande poste;;;yes;"Mo-Fr 08:30-19:30; Sa 09:00-13:00";"690018304";;;;;"78914009200014";+33 4 78 37 11 32;"69123";Lyon
4.8297116;45.7523478003792;node/317208003;pharmacy;Pharmacie Limonne;;;yes;"Mo-Fr 08:00-19:30 ; Sa 09:00-12:30,14:30-19:00";"690018155";;;;;"51379080800028";+33 4 78 37 00 75;"69123";Lyon
4.8279346;45.7526749003791;node/317320543;pharmacy;Pharmacie Franklin;;;yes;Mo-Sa 08:15-19:30;"690018437";;;;;"34374445400012";+33 4 78 37 05 91;"69123";Lyon
4.8332351;45.7621000003778;node/317322002;pharmacy;Pharmacie du Centre;;;;;"690018221";;;;;;+33 4 78 42 23 29;"69123";Lyon
4.8521908;45.7693375003767;node/321525388;pharmacy;Grande Pharmacie du Parc;;;yes;Mo-Sa 08:30-19:30;"690021035";;;;;"50317284300016";+33 4 78 24 47 44;"69123";Lyon
4.8611086;45.7704451003766;node/321525534;pharmacy;Pharmacie Anton & Willem;;;yes;"Mo-Fr 09:00-19:30, Sa 09:00-12:30,14:30-19:00";"690021167";;;;;"44338953100015";+33 4 78 89 43 57;"69123";Lyon
4.8362055;45.7669467003771;node/3286673521;pharmacy;Pharmacie de l'Opéra;;;;Mo-Fr 08:30-19:00;"690017884";;;;;"80942440100010";+33 4 78 28 35 61;"69123";Lyon
4.8331261;45.7713466003765;node/3286673522;pharmacy;Pharmacie de la Colline;;;;;"690017751";;;;;"42038392900015";+33 4 78 28 40 47;"69123";Lyon
4.8455461;45.7637316003776;node/3288075792;pharmacy;Pharmacie Dahan;;;yes;"Mo-Th 09:00-19:30; Fr 09:00-19:00";"690020821";;;;;"35331296000019";;"69123";Lyon
4.842785;45.7637075003775;node/3288075793;pharmacy;Pharmacie du Rhône;;;;"Mo-Fr 09:00-19:00; Sa 09:00-12:30";"690020805";;;;;"38481768000018";;"69123";Lyon
4.8264711;45.7490568003796;node/3362124251;pharmacy;Grande Pharmacie de Perrache;;;;"Mo-Fr 07:30-19:00; Sa 10:00-18:00";"690018254";;;;;;+33 4 78 37 14 05;"69123";Lyon
4.8717841;45.7456159003801;node/34991538;pharmacy;Pharmacie Grange-Blanche;;;yes;;"690018932";;;;;"97341002000026";;"69123";Lyon
4.8134784;45.7580587003783;node/35960760;pharmacy;Pharmacie de Trion;;;;;"690020466";;;;;"38782917900010";+33 4 78 25 05 91;"69123";Lyon
4.8455753;45.7690710003768;node/3613001536;pharmacy;Pharmacie Le Niger Duittoz;;;;;"690020706";;;;;;;"69123";Lyon
4.8475423;45.7688882003768;node/3613001537;pharmacy;Pharmacie Leclerc Le Goffic;;;;"Mo-Fr 08:30-19:30, Sa 09:00-19:00";"690020722";;;;;;;"69123";Lyon
4.8535238;45.7299258003823;node/3613020071;pharmacy;La Pharmacie d'Anne Salort;;;;"Mo-Fr 08:30-19:30; Sa 08:30-00:30";"690021902";;;;;"43271105900027";;"69123";Lyon
4.8004772;45.788920700374;node/3613020072;pharmacy;Pharmacie Balmont;;;yes;"Mo-Fr 08:30-12:30,14:30-19:30; Sa 08:30-12:30";"690022405";;;;;;;"69123";Lyon
4.8242731;45.74637150038;node/3613020074;pharmacy;Pharmacie Charlemagne;;;;"Mo-Fr 08:30-19:30 ; Sa 08:30-12:30,14:00-19:00";"690018353";;;;;"79902135700014";+33 4 78 37 10 03;"69123";Lyon
4.8470799;45.7727034003763;node/3613020076;pharmacy;Pharmacie Duquesne;;;;"Mo-Fr 08:30-19:30; Sa 08:30-12:30,14:30-19:00";"690020656";;;;;;;"69123";Lyon
4.8051857;45.7756982003758;node/3613020077;pharmacy;Pharmacie Kauffmann Perrin;;;yes;"Mo-Fr 08:30-19:00; Sa 09:00-17:00";"690022504";;;;;;;"69123";Lyon
4.8321253;45.7777504003756;node/3613020078;pharmacy;Pharmacie Keller;;;yes;"Mo-Fr 08:30-12:30,14:00-19:30; Sa 08:30-12:30,14:00-19:00";"690019922";;;;;"39235249800019";;"69123";Lyon
4.8283709;45.7643102003775;node/3613020079;pharmacy;Pharmacie du Change;;;;"Tu-Sa 09:00-12:30; Mo-Fr 14:15-19:15; Sa 14:15-18:15";"690020201";;;;;"41415329600010";+33 4 78421158;"69123";Lyon
4.820748;45.7785889003754;node/3613020082;pharmacy;Pharmacie Moncozet Clément;;;;;"690019757";;;;;;;"69123";Lyon
4.8220975;45.7445045003803;node/3613020084;pharmacy;Pharmacie Sainte-Blandine;;;limited;;"690018387";;;;;;+33 4 78 37 77 81;"69123";Lyon
4.8528777;45.7369654003813;node/3613020085;pharmacy;Pharmacie Triolaire;;;yes;"Mo-Sa 08:30-12:00, Mo-Fr 14:00-19:30";"690022322";;;;;"48897570700024";;"69123";Lyon
4.8322228;45.7796009003753;node/3613020088;pharmacy;Pharmacie de l'Ambre;;;;"Mo-Fr 08:30-19:00; Sa 08:30-12:00,14:00-19:00";"690020086";;;;;"49994512900025";;"69123";Lyon
4.8326014;45.781578400375;node/3613020089;pharmacy;Pharmacie de l'Ambre;;;;;"690019955";;;;;;;"69123";Lyon
4.850055;45.7667210003771;node/3613020090;pharmacy;Pharmacie de l'Europe;;;;;"690020557";;;;;"51533282300019";;"69123";Lyon
4.8348286;45.7762420003758;node/3613020092;pharmacy;Pharmacie de la Soie;;;;Mo-Sa 08:30-20:00;"690019732";;;;;"79448570600012";;"69123";Lyon
4.868066;45.7638428003775;node/3613020393;pharmacy;Pharmacie des Charmettes;Pharmacien Giphar;;;"Tu-Sa 08:30-12:30; Mo-Fr 14:00-19:30; Sa 14:30-19:30";"690020904";;;;;"41963418300018";+33 4 78 52 23 63;"69123";Lyon
4.8213454;45.7727790003763;node/3613020395;pharmacy;Pharmacie du Clos Jouve;;;;"Mo 14:30-19:00; Tu-Sa 08:45-12:30,14:30-19:00";"690018023";;;;;"53330094300016";;"69123";Lyon
4.8471116;45.7705936003766;node/3629175806;pharmacy;Pharmacie Duguesclin;;;;"Mo-Fr 08:30-12:30, 14:00-19:30; Sa 09:00-12:00";"690020623";;;;;"50963346700014";+33 4 78 89 04 63;"69123";Lyon
4.8770793;45.7406668003808;node/3647143360;hospital;Institut d'hématologie et d'oncologie pédiatrique;;no;;;"690019849";;;;;;;"69123";Lyon
4.8541363;45.7507382003794;node/3843623386;doctors;SOS Médecins;;;;"10:00-00:00; 24/7 ""À domicile""";;;;;;;"+33478835151";"69123";Lyon
4.8891352;45.74633670038;node/4043301547;nursing_home;Résidence Constant;ACPPA;;;;"690039318";"500";;;senior;"32735516000109";"+33472129800";"69123";Lyon
4.8058216;45.767423300377;node/410296234;pharmacy;Pharmacie du Cap de Vaise;;;yes;;"690021357";;;;;"34440022100026";+33 4 37 64 68 50;"69123";Lyon
4.8083639;45.7734910003762;node/410296261;pharmacy;Pharmacie Saint-Pierre-de-Vaise;;;yes;"Mo-Sa 09:00-13:00; Mo-Fr 14:15-19:15";"690022736";;;;;"81343158200010";+33 4 78 83 79 90;"69123";Lyon
4.8017095;45.7756828003758;node/410296263;pharmacy;Pharmacie Marietton;;;yes;"Mo-Sa 09:00-12:30; Mo-Fr 14:00-19:00; Sa 14:30-19:00";"690022637";;;;;"45288069300018";+33 4 78 83 70 87;"69123";Lyon
4.8532944;45.7527103003791;node/4241885949;doctors;Docteur Asaad Samer;;;no;"Mo-Fr 08:30-19:30; Sa 09:00-12:30,14:30-18:00";;;;;;;;"69123";Lyon
4.8686586;45.7531561003791;node/434017984;pharmacy;Pharmacie Lacassagne;;;yes;"Mo-Sa 08:30-12:00; Mo-Fr 14:30-19:00";"690019286";;;;;"79820993800017";+33 4 78 54 43 08;"69123";Lyon
4.8676658;45.7547848003788;node/434017987;pharmacy;Pharmacie de l'Isle;;;yes;"Mo 14:30-19:00; Tu-Fr 08:30-12:00,14:30-19:00; Sa 08:30-12:00";"690019120";;;;;"34343179700038";+33 4 78 54 39 49;"69123";Lyon
4.876031;45.7555791003787;node/434017991;pharmacy;Pharmacie des Maisons Neuves;;;yes;"Mo-Fr 08:45-12:15,14:45-19:30, Sa 09:00-12:15";"690019153";;;;;"44834050500016";+33 4 78 54 09 66;"69123";Lyon
4.8653981;45.7568007003785;node/434018004;pharmacy;Pharmacie Sainte-Anne;;;yes;"Mo-Fr 08:30-12:30,14:30-19:00; Sa 09:00-12:30,14:30-19:00; PH,Su off";"690019583";;;;;"33903396100022";+33 4 78 54 41 79;"69123";Lyon
4.8676324;45.7592043003782;node/434018010;pharmacy;Pharmacie Lacroix;;;yes;"Mo-Fr 08:30-12:30, 14:00-19:15; Sa 08:30-12:15";"690018957";;;;;"43178576500014";+33 4 78 54 98 67;"69123";Lyon
4.8526822;45.7637649003776;node/434018021;pharmacy;Pharmacie Tête d'Or;;;yes;"Mo-Fr 08:30-19:00; Sa 09:00-12:30";"690020854";;;;;"75202943900037";+33 4 72 83 95 15;"69123";Lyon
4.8490476;45.7632420003776;node/434018024;pharmacy;Pharmacie des Halles;;;yes;"Mo 13:00-19:00, Tu-Fr 09:00-19:00, Sa 09:00-12:30,15:00-19:00";"690019302";;;;;"75088372000013";+33 4 78 62 06 82;"69123";Lyon
4.8566797;45.7569526003785;node/434018032;pharmacy;Pharmacie de la Rize;;;yes;"Mo-Fr 08:30-19:15; Sa 09:00-12:30";"690019534";;;;;"43753992700016";+33 4 78 60 84 83;"69123";Lyon
4.8492656;45.7569645003785;node/434018049;pharmacy;Pharmacie Voltaire;;;;"Mo-Fr 08:30-12:30,14:00-19:00; Sa 08:30-12:30";"690019716";;;;;"82052526900016";+33 4 78 60 32 39;"69123";Lyon
4.8472268;45.7563946003786;node/434018052;pharmacy;Pharmacie Vendôme;;;yes;"Mo-Fr 08:30-12:30,14:00-19:00; Sa 09:00-13:00";"690019682";;;;;;+33 4 78 60 16 32;"69123";Lyon
4.8460388;45.7561011003786;node/434018053;pharmacy;Pharmacie Tarak;;;yes;"Mo 09:00-19:30 ; Tu-Th 09:00-13:00,14:00-19:30 ; Fr 09:00-19:30 ; Sa 09:00-13:00";"690019500";;;;;"40300731300014";+33 4 78 71 05 80;"69123";Lyon
4.846151;45.7568822003785;node/434018055;pharmacy;Grande Pharmacie de Saxe;Emilie Pajot;;yes;"Mo-Fr 08:45-13:00,14:30-19:00; Sa 09:00-12:00";"690019401";;;;;"47806165800017";+33 4 78 60 82 44;"69123";Lyon
4.8453274;45.760769200378;node/434018057;pharmacy;Pharmacie de la Préfecture;;;;"Mo-Fr 08:30-14:00,15:00-19:00";"690019385";;;;;"44411902800017";+33 4 78 60 29 76;"69123";Lyon
4.8468798;45.7596325003781;node/434018059;pharmacy;Pharmacie Place Guichard;;;;;"690019450";"620";;;;"82103300800011";"+33478600126";"69123";Lyon
4.8497706;45.7610540003779;node/434018061;pharmacy;Pharmacie Masselot;;;yes;"Mo-Fr 08:00-13:00,14:15-19:00";"690019435";;;;;;+33 4 78 60 27 62;"69123";Lyon
4.8878475;45.7504917003794;node/434305414;pharmacy;Pharmacie des Charmilles;;;yes;"Mo-Fr 08:45-12:30,14:30-19:15; Sa 08:45-12:30; PH off";"690019070";;;;;"88393491100016";"+33478543918";"69123";Lyon
4.8912556;45.753227000379;node/434305426;pharmacy;Pharmacie de la Place Ronde;;;yes;"Mo 14:30-19:00; Tu-Sa 08:30-12:00,14:30-19:00";"690019633";;;;;"43415372200013";+33  4 78 54 01 76;"69123";Lyon
4.8897505;45.753572500379;node/434305427;pharmacy;Grande Pharmacie de Montchat;;;yes;"Mo 14:29-19:00, Tu-Sa 08:30-12:15,14:30-19:00";"690019617";;;;;"44834311100010";;"69123";Lyon
4.8177809;45.7437677003804;node/4459172200;pharmacy;Pharmacie Lyon Confluence;;;;"Mo-Fr 08:30-19:30; Sa 10:00-19:00";"690020037";"620";;;;"53399418200020";"+33478284550";"69123";Lyon
4.8532244;45.7325399003819;node/4582320790;doctors;Dr Eliane Duperray;;;;;;;;;;;+33 4 78 00 36 47;"69123";Lyon
4.8446429;45.7548549003788;node/469107130;pharmacy;Pharmacie des Facultés;Alphega;;yes;"Mo 14:00-19:00; Tu-Fr 09:00-19:00; Sa 09:00-13:00, 14:00-18:00";"690019187";;;;;"44301561500026";+33 4 78 60 09 33;"69123";Lyon
4.8504911;45.7528463003791;node/469107131;pharmacy;Pharmacie Aristide Briand;;;yes;"Mo-Fr 08:30-19:30; Sa 09:00-12:30";"690019203";;;;;"50278043000018";+33 4 78 60 36 32;"69123";Lyon
4.8532676;45.7528077003791;node/469107132;pharmacy;Pharmacie Felix Faure;;;yes;"Mo-Fr 08:30-19:30, Sa 09:00-12:30,14:30-18:00";"690019104";;;;;;+33 4 78 60 52 58;"69123";Lyon
4.8642919;45.7636148003776;node/469107133;pharmacy;Pharmacie Lafayette;;;yes;;"690019336";;;;;"82388301200010";+33 4 78 53 36 51;"69123";Lyon
4.8782713;45.7272027003827;node/470796703;pharmacy;Grande pharmacie de la Plaine;;;yes;"Mo-Fr 08:00-12:30, Mo-Sa 14:00-20:00, Sa 08:00-12:30,14:00-20:00";"690022223";;;;;"83860669700012";;"69123";Lyon
4.8764372;45.7294201003824;node/470796704;pharmacy;Pharmacie Paul Santy;;;yes;;"690022207";;;;;"80278734100014";"+33478003443";"69123";Lyon
4.8834392;45.7359421003815;node/471133031;pharmacy;Pharmacie Ambroise Paré;;;;;"690021886";;;;;"49903311600017";;"69123";Lyon
4.8328957;45.7660157003772;node/47147277;pharmacy;Pharmacie du Serpent;;;yes;"Mo-Fr 09:00-19:15, Sa 09:00-19:00";"690017801";;;;;"48441491700019";+33 4 78 28 03 37;"69123";Lyon
4.8637601;45.7457350003801;node/4734348921;dentist;Thierry Bouchard;;;;;;;;;;"34832181100039";;"69123";Lyon
4.8593924;45.7403198003809;node/474345947;pharmacy;Pharmacie Hacker;;;yes;;"690018585";;;;;"47814641800023";;"69123";Lyon
4.862227;45.7375981003812;node/474345951;pharmacy;Pharmacie du Peintre Villon;;;yes;;"690022355";;;;;;;"69123";Lyon
4.8784405;45.7384319003811;node/475513807;pharmacy;Pharmacie Dumas-Tachet;;;yes;;"690022272";;;;;"45394682400019";;"69123";Lyon
4.8766463;45.7426374003805;node/4836737809;doctors;Denis Gaisnon;;;;;;;;;;;;"69123";Lyon
4.7944913;45.7729748003762;node/4892263023;doctors;Anne-sophie Dachy - Ostéopathe Lyon 9;;;;"Mo-Fr 08:00-20:00; Sa 08:00-13:00";;;;;;;"+33411950734";"69123";Lyon
4.8753539;45.7495935003795;node/504902195;hospital;Centre médical et dentaire MGEN;MGEN;;;;;;;;;;;"69123";Lyon
4.8266079;45.7348932003816;node/506588353;pharmacy;Pharmacie du 7ème;;;limited;"Mo-Fr 08:30-12:30,14:00-19:00; Sa 08:30-12:30";"690021803";;;;;"82493179400013";+33 4 78 72 38 08;"69123";Lyon
4.8287133;45.7306851003822;node/506588354;pharmacy;Pharmacie des Pavillons;;;yes;"Mo-Fr 14:30-19:00, Tu-Fr 08:30-12:00, Sa 09:00-12:00,14:30-18:30";"690021456";;;;;"88482322000014";+33 4 78 69 08 19;"69123";Lyon
4.8293716;45.7359289003815;node/506588718;pharmacy;Pharmacie Bouvier;;;;;"690021654";;;;;"32812236100012";+33 4 78 72 38 08;"69123";Lyon
4.848357;45.7487500003797;node/5430098062;doctors;Docteur Julie Plot;;;yes;;;;;;;;"+33472764276";"69123";Lyon
4.7926307;45.7632115003776;node/5466209221;doctors;Maison médicale de garde Buyer;;;;"Mo-Fr 20:00-00:00; Sa 12:00-00:00; Su 08:00-00:00";;;;;;;+33 4 72 33 00 33;"69123";Lyon
4.8493102;45.7693390003768;node/553075375;pharmacy;Pharmacie Kléber;;;yes;Mo-Sa 08:30-19:30;"690020755";;;;;"81267803500013";+33 4 78 89 02 19;"69123";Lyon
4.8440326;45.7670577003771;node/5633348570;pharmacy;Grande Pharmacie Lyon Saxe;;;;Mo-Sa 08:00-20:00;"690020953";;;;;"75075756900033";"+33472750434";"69123";Lyon
4.8847583;45.7410805003807;node/564766080;pharmacy;Pharmacie Labbe-Dutilleul;;;yes;"Mo-Fr 09:00-20:00; Sa 09:00-14:00";"690018684";;;;;"50783093300028";;"69123";Lyon
4.8710782;45.7303124003822;node/564782185;pharmacy;Pharmacie Pérard;;;yes;;"690022157";;;;;;;"69123";Lyon
4.8356863;45.7343606003817;node/567859658;pharmacy;Pharmacie Bonglet-Djian;;;;"Mo-Fr 09:00-19:00; Sa 09:00-13:00";"690021472";;;;;"44371845700023";+33 4 78 72 63 58;"69123";Lyon
4.832955;45.7298151003823;node/568298402;pharmacy;Pharmacie Centrale de Gerland;;;yes;"Mo-Fr 09:00-12:30,14:30-19:00, Sa 09:00-12:00";"690021605";;;;;"38226659100017";+33 4 78 72 62 41;"69123";Lyon
4.8257525;45.8005686003723;node/580480147;pharmacy;Pharmacie de Saint-Rambert;;;;"Mo-Fr 08:30-19:30; Sa 09:00-19:00";"690022603";;;;;"75297881700019";+33 4 78 64 20 60;"69123";Lyon
4.8485748;45.7690125003768;node/5866110973;clinic;Centre d'Exploration de la Rétine Kleber;;;;;;;;;;;+33 4 72 83 49 17;"69123";Lyon
4.8065427;45.7769278003757;node/5921469545;doctors;Radiologie Lyon 9;;;;;;;;;;;+33 4 78 83 77 12;"69123";Lyon
4.8084621;45.7831439003748;node/5986735331;dentist;Cabinet dentaire Rhin & Danube;;;;;;;;;;;;"69123";Lyon
4.8342613;45.7397209003809;node/6168962115;nursing_home;EPHAD Les Girondines;FRRA;;yes;;"690785514";;;;senior;;;"69123";Lyon
4.8274615;45.7342088003817;node/6195828867;doctors;;Joêl Dannaoui;;;;;;;;;;;"69123";Lyon
4.8294904;45.7345969003817;node/6325225033;doctors;Cabinet Infirmier Rodolphe Calvet;;;;;;;;;;;"+33619822596";"69123";Lyon
4.8432829;45.7705395003766;node/639572632;pharmacy;Pharmacie Foch;;;;;"690020920";;;;;"43988071700012";+33 4 78 89 14 18;"69123";Lyon
4.8450166;45.7751711003759;node/639635376;pharmacy;Phamacie de la Roseraie;;;yes;;"690020607";;;;;"41135848400037";+33 4 78 93 19 39;"69123";Lyon
4.8288649;45.7312792003821;node/6428854973;clinic;Cabinet Paramédical;"Julie Doubre; Genoît Genet";;;;;;;;;;;"69123";Lyon
4.8658504;45.7591120003782;node/6448664531;nursing_home;La Villette d'Or;;;;;"690807649";"500";;;senior;"26691006600296";"+33472334584";"69123";Lyon
4.8494562;45.7729703003762;node/6457789731;doctors;Centre médical Parot;;;;;;;;;;;;"69123";Lyon
4.8520196;45.7508803003794;node/6511779890;nursing_home;Ehpad Gambetta;;;;;"690802160";"500";;;senior;"40125156600410";"+33472723939";"69123";Lyon
4.8265501;45.7348096003816;node/6517888550;doctors;Cabinet médical Yves Farge;;;;;;;;;;;;"69123";Lyon
4.8442841;45.7739973003761;node/6677799111;doctors;Docteur Carol Gilibert;;;;;;;;;;;;"69123";Lyon
4.846946;45.7738740003761;node/6677803803;doctors;Docteur Franck Godesky;;;;;;;;;;;;"69123";Lyon
4.8443982;45.7736973003761;node/6677803805;doctors;Docteur Claire Amoros Bessede;;;;;;;;;;;;"69123";Lyon
4.7898434;45.7890752003739;node/6723431507;pharmacy;Pharmacie de la Sauvegarde;;;;;"690022470";;;;;"83277960700015";;"69123";Lyon
4.8334072;45.7370202003813;node/6726962982;pharmacy;Pharmacie des Girondins Lyon;Pharmacie des Girondins;;yes;"Mo-Fr 08:30-12:15, 13:15-19:00; Sa 09:15-12:30; Mo-Sa ""En cas d'urgence""";"690021506";"620";;;;"83342878200027";+33 4 78 72 31 29;"69123";Lyon
4.8715494;45.7457110003801;node/6761287136;doctors;Sautier;;;;;;;;;;;;"69123";Lyon
4.878049;45.7490247003796;node/6761287137;doctors;Deleage-Upi;;;;;;;;;;;;"69123";Lyon
4.8456719;45.7617881003778;node/6787459755;doctors;Penet;;;;;;;;;;;;"69123";Lyon
4.8534502;45.7309205003822;node/6788058277;doctors;Pierre Billon;;;;;;;;;;;"+33478004617";"69123";Lyon
4.8893624;45.739433700381;node/6903457911;hospital;Centre Medicina;;;;;;;;;;;;"69123";Lyon
4.8458137;45.7695136003767;node/6912904551;clinic;Imagerie Médicale Créqui;;;;"Mo-Fr 08:30-13:00,14:00-18:30";;;;;;;+33 4 72 44 51 31;"69123";Lyon
4.8817178;45.7326625003819;node/7006028708;pharmacy;Pharmacie de la Licorne;;;yes;;"690022082";;;;;"53471523000023";;"69123";Lyon
4.8465402;45.7587076003783;node/7119729036;dentist;Chirurgie dentaire;;;;;;;;;;;;"69123";Lyon
4.8337161;45.7629622003777;node/7119760464;dentist;Cabinet d'orthodontie Chantal Malins;;;;;;;;;;"33530311100017";;"69123";Lyon
4.8670821;45.7547077003788;node/7181075169;dentist;Hueber Thierry;;;;"Tu,Th,Fr 09:00-19:00; We 09:00-12:00; Sa 08:30-18:00";;;;;;;+33 4 72 36 87 69;"69123";Lyon
4.8748915;45.7431028003805;node/7209157590;dentist;Docali;;;;;;;;;;;;"69123";Lyon
4.8320599;45.7594130003782;node/7302402746;doctors;;;;;;;;;;;;;"69123";Lyon
4.8178366;45.7794374003753;node/7316107270;nursing_home;La Colline de la Soie;;;;;"690801428";;;;senior;;;"69123";Lyon
4.830008;45.7730154003762;node/7316129713;nursing_home;EHPAD Saint-François d'Assise;;;;;"690024898";;;;senior;;;"69123";Lyon
4.8220739;45.7754052003759;node/7316129719;nursing_home;Orpea - Résidence Croix-Rousse;;;;;"690802392";;;;senior;;;"69123";Lyon
4.8451222;45.7696784003767;node/7389493169;doctors;Centre Ophtalmologique Vendôme;;;;;;;;;;;;"69123";Lyon
4.8761726;45.7338135003818;node/7470451077;clinic;Hôpital de jour Adultes Quadrille;;;;Mo-Fr 09:00-17:00;"690795786";"292";;;;;;"69123";Lyon
4.815335;45.7907844003737;node/7504114387;pharmacy;Pharmacie des Docks;;;;"Mo-Fr 08:30-19:30; Sa 08:30-12:30";"690018734";"620";;;;"82394680100037";"+33478373121";"69123";Lyon
4.7953647;45.7866104003743;node/767880809;pharmacy;Grande pharmacie du Plateau;;;yes;"Mo-Fr 08:30-13:00,14:00-20:00; Sa 08:30-13:00,14:00-19:00";"690022454";;;;;;+33 4 78 35 39 55;"69123";Lyon
4.8328224;45.7584906003783;node/7689508037;doctors;Dr Ajzenberg;;;;"Mo-Tu 08:30-12:30,14:00-19:00; We 08:30-12:30; Th-Fr 08:30-12:30,14:00-19:00; PH off";;;;;;;;"69123";Lyon
4.8227961;45.7840482003747;node/7701795402;nursing_home;Ehpad Marius Bertrand;;;;;"690012968";"500";;;senior;"26691006600700";"+33472003570";"69123";Lyon
4.8639376;45.7458846003801;node/7740584152;dentist;Pascal Eymeric;;;limited;;;;;;;;;"69123";Lyon
4.8528129;45.7353340003816;node/778819677;pharmacy;Pharmacie Lyon Grand Trou;;;yes;"Mo-Fr 08:30-19:30; Sa 08:30-18:00";"690022306";;;;;;+33 4 78 72 04 22;"69123";Lyon
4.8262068;45.7719681003764;node/779115422;pharmacy;Pharmacie Moulines;;;;;"690017850";;;;;;+33 4 78 28 02 52;"69123";Lyon
4.8305957;45.7587868003783;node/78172367;pharmacy;Pharmacie Bellecour;;;;"Mo-Fr 08:30-19:30; Sa 09:00-19:30";"690018205";;;;;"79362508800026";+33 4 78 37 34 02;"69123";Lyon
4.8725969;45.7331700003819;node/7834396534;nursing_home;Ehpad La Vérandine;;;;;"690801469";"500";;;senior;"32735516000059";"+33478000448";"69123";Lyon
4.875882;45.7287327003825;node/7834396535;nursing_home;Ehpad Madeleine Caillé;;;;;"690803010";"500";;;senior;"32735516000604";"+33478749967";"69123";Lyon
4.8808282;45.7304912003822;node/7834396536;nursing_home;Ehpad La Rotonde;;;;;"690788401";"500";;;senior;"43224372300017";"+33478786969";"69123";Lyon
4.8749487;45.7372318003813;node/7834396537;nursing_home;Résidence Saint-Éxupéry;;;;;"690007018";"500";;;senior;"39830264600144";"+33478766890";"69123";Lyon
4.8653319;45.7358863003815;node/7834396538;nursing_home;La Saison Dorée;Korian;;;;"690806609";"500";;;senior;"39355144500025";"+33478765757";"69123";Lyon
4.8505564;45.7433469003804;node/7834396539;nursing_home;Les terrasses de Blandan;;;;;"690802319";"500";;;senior;"34117411800131";"+33472722700";"69123";Lyon
4.8437232;45.7668240003771;node/7834396545;nursing_home;Ehpad Le 6ème;;;;;"690006937";"500";;;senior;"41243949900028";"+33437242626";"69123";Lyon
4.8493674;45.7613586003779;node/7834396546;nursing_home;Ehpad Bellecombe;;;;;"690027388";"500";;;senior;;"+33472605800";"69123";Lyon
4.8649587;45.760447200378;node/7834396547;nursing_home;Ma Maison Vilette;;;;;"690785712";"500";;;senior;"34101755600018";"+33478542160";"69123";Lyon
4.862737;45.7626249003777;node/7834396548;nursing_home;Ehpad Ma Demeure;;;;;"690781604";"500";;;senior;"81054752100015";"+33472912500";"69123";Lyon
4.8486534;45.7728507003763;node/7834396550;nursing_home;Ehpad Duquesne;;;;;"690018379";"500";;;senior;"48480364800027";"+33437483400";"69123";Lyon
4.7943346;45.7718238003764;node/7834501047;nursing_home;Résidence Margaux;;;;;"690802517";"500";;;senior;;"+33472200989";"69123";Lyon
4.8083271;45.7571632003785;node/7834501048;nursing_home;Ehpad La Favorite;;;;;"690802418";"500";;;senior;"40125156600428";"+33472321414";"69123";Lyon
4.8215711;45.7619516003778;node/7834501049;nursing_home;Ehpad Thérèse Couderc;;;;;"690010509";"500";;;senior;"77988285100016";"+33478251316";"69123";Lyon
4.8306948;45.7722853003763;node/7834501050;nursing_home;Bon Secours;;;;;"690781521";"500";;;senior;"49270687400020";"+33478288603";"69123";Lyon
4.8027285;45.7690087003768;node/7834501051;nursing_home;Ehpad Sergent Berthet;;;;;"690003777";"500";;;senior;"35322654100020";"+33472533700";"69123";Lyon
4.8108133;45.7837469003747;node/7834501052;nursing_home;Ehpad Le Rivage;;;;;"690801840";"500";;;senior;"34329676000022";"+33472536000";"69123";Lyon
4.8114816;45.7913934003736;node/7834501053;nursing_home;Ehpad Sainte-Anne;;;;;"690790340";"500";;;senior;"31837842900019";"+33478640505";"69123";Lyon
4.7880319;45.7502189003795;node/7838974321;nursing_home;Ehpad Pierre Garaud;;;;;"690031919";"500";;;senior;"26690027300845";"+33472168001";"69123";Lyon
4.8362261;45.760584800378;node/7858900760;dentist;Dentego;;;;Mo-Fr 09:00-19:00;;;;;;;+33 4 82 75 10 52;"69123";Lyon
4.8414955;45.7600651003781;node/7903384532;clinic;Wilson Medical;;;;;;;;;;;;"69123";Lyon
4.8486831;45.753173200379;node/80078864;pharmacy;Pharmacie de l'Abondance;;;yes;"Mo-Fr 08:45-12:15,14:15-19:15; Sa 09:30-12:15,14:30-19:15";"690021316";;;;;"43767258700015";+33 4 78 72 30 27;"69123";Lyon
4.8359614;45.7695884003767;node/81757628;pharmacy;Pharmacie Croix-Paquet;;;;"Mo-Fr 08:00-19:30; Sa 09:00-12:30";"690017736";;;;;"34276586400026";+33 4 78 28 19 76;"69123";Lyon
4.8249234;45.8012442003722;node/8199873973;doctors;;;;;;;;;;;;;"69123";Lyon
4.8248987;45.7471115003799;node/831557230;pharmacy;Grande Pharmacie des Voutes;;;no;;"690018320";;;;;"38921676300018";+33 4 78 37 10 47;"69123";Lyon
4.8775747;45.7426994003805;node/83435690;pharmacy;Pharmacie de la Sirène;;;;;"690022066";;;;;"38089779300028";;"69123";Lyon
4.8239871;45.774654500376;node/8460834393;doctors;Cabinet d'osthéopathie des Canuts;;;;"Mo-Fr 09:00-19:00; Sa 09:00-13:00";;;;;;;;"69123";Lyon
4.8705617;45.7344093003817;node/8505748576;doctors;Centre Orthopédique Santy;;;;;;;;;;;;"69123";Lyon
4.8412994;45.7497428003795;node/851777184;pharmacy;Pharmacie du Prado;M. Deleuze;;yes;"Mo 14:00-19:15; Tu-Fr 09:00-19:15; Sa 09:00-13:00";"690021720";;;;;"39477220600022";+33 4 78 72 36 37;"69123";Lyon
4.8853859;45.7496999003795;node/8604899852;dentist;;;;;;;;8623Z;;;;;"69123";Lyon
4.8441105;45.7634928003776;node/8647139217;dentist;Cabinet Dentaire Lafayette Préfecture;;;;;;;;;;;;"69123";Lyon
4.8863101;45.7539490003789;node/8685851863;dentist;Docteur Lisa Blic;;;;;;;;;;;"+33478532332";"69123";Lyon
4.8164049;45.7599824003781;node/8837150269;doctors;Dr Nadège Thieulent;;;;;;;;;;;+33 4 78 35 31 55;"69123";Lyon
4.8826089;45.7418771003806;node/9069869107;doctors;ORTHO CENTER;;;;;;;;;;;;"69123";Lyon
4.8081135;45.7859901003744;node/9122747846;doctors;Pôle médical vaise;;;;;;;;;;;;"69123";Lyon
4.8523167;45.7637505003775;node/9210983418;dentist;place dentaire;;;;Mo-Fr 09:00-19:30;;;;;;;+33 472045555;"69123";Lyon
4.8533207;45.7513353003793;node/926332915;pharmacy;Pharmacie Gambetta;;;yes;"Mo-Fr 08:00-20:30; Sa 08:30-20:30";"690021332";;;;;;+33 4 78 72 46 24;"69123";Lyon
4.8380569;45.7370282003813;node/928249909;pharmacy;Pharmacie Bange;;;;"Mo-Fr 09:00-12:30,14:30-19:30";"690021373";;;;;"38097963300027";;"69123";Lyon
4.8566955;45.7637702003775;node/931941900;pharmacy;Pharmacie Mathey-François;;;yes;"Mo-Fr 08:30-19:00; Sa 09:00-12:30";"690020870";;;;;"38281554600017";+33 4 78 24 37 16;"69123";Lyon
4.8344394;45.732375000382;node/9581643697;doctors;Charlotte Astier;;;;Mo-Fr 08:00-20:00;;;;;;;+33 4 72 71 32 25;"69123";Lyon
4.834449;45.732383700382;node/9581643698;doctors;Pascale Leydier;;;;;;;;;;;+33 4 72 73 23 12;"69123";Lyon
4.8507511;45.7426880003805;node/95836700;pharmacy;Pharmacie du progrès;;;;"Mo-Fr 08:45-12:00, 14:30-19:00; Sa 08:45-12:00";"690021787";;;;;"52801112500010";+33 4 78 72 46 33;"69123";Lyon
4.8376472;45.74672150038;node/95836718;pharmacy;Pharmacie du Midi;;;yes;"Mo-Fr 08:30-12:30,14:00-19:30";"690021233";;;;;"49897196900015";+33 4 78 72 02 94;"69123";Lyon
4.8346466;45.7473802003799;node/95836787;pharmacy;Pharmacie de l'Université;;;yes;;"690021183";;;;;;+33 4 78 72 03 77;"69123";Lyon
4.8371171;45.7468885003799;node/95836791;pharmacy;Pharmacie Berthelot;;;yes;;"690021217";;;;;;+33 4 78 72 04 78;"69123";Lyon
4.7823266;45.7541139003789;node/97075423;pharmacy;Pharmacie des Battières;;;;;"690020300";;;;;"45294500900010";+33 4 78 25 14 04;"69123";Lyon
4.8356229;45.7635534003776;node/97075442;pharmacy;Grande Pharmacie Lyonnaise;;;;"Mo-Sa 00:00-24:00 ; Su,PH 00:00-08:00, 19:00-24:00";"690018635";;;;;"44316399300019";+33 4 72 56 44 00;"69123";Lyon
4.8434971;45.74620920038;node/9802388505;doctors;Cardiologue;;;;;;;;;;;;"69123";Lyon
4.8499091;45.7470750003799;node/9949741361;doctors;;;;;;;;;;;;+33 4 78 96 46 69;"69123";Lyon
4.83589803578038;45.7496430367725;relation/4013062;hospital;Centre hospitalier Saint-Joseph Saint-Luc;;yes;yes;;"690805361";"365";;;;;+33 4 78 61 81 81;"69123";Lyon
4.87764097327059;45.7410779453958;relation/6516719;hospital;Centre de lutte contre le cancer Léon Bérard;;no;;;;;;;;;;"69123";Lyon
4.79751229046367;45.7600640886204;way/1029355519;clinic;Maison Médicale des Massue;;;;;;;;;;;;"69123";Lyon
4.87590894738769;45.7357839017979;way/118794537;hospital;Hôpital privé Jean Mermoz;;;;;"690023411";"365";;;;"77813787700081";"+33826306969";"69123";Lyon
4.8136116521161;45.7531260905868;way/120684830;nursing_home;Ehpad Les Amandines;;;;;"690802400";"500";;;senior;"32735516000125";"+33472386100";"69123";Lyon
4.79660329240036;45.7503643869996;way/123195890;nursing_home;Ehpad Saint-Camille;;;;;"690785498";"500";;;senior;"77988284400011";"+33478251954";"69123";Lyon
4.7978470119237;45.7550073440463;way/123307216;nursing_home;Ehpad Tiers Temps;;;;;"690801022";"500";;;senior;"34072460800021";"+33472386464";"69123";Lyon
4.83549828870085;45.8017785844891;way/125013940;nursing_home;Les Balcons de l'Île Barbe;;;;;"690788484";"500";;;senior;"26691006600460";"+33437642850";"69123";Lyon
4.79774024308463;45.762689363963;way/125551344;pharmacy;Pharmacie de Champvert;;;;;"690020136";;;;;;+33 4 78 25 80 88;"69123";Lyon
4.83081778339825;45.7817400340297;way/127723250;hospital;Hôpital de la Croix-Rousse;;yes;;;"690784152";"101";8610Z;;;"26690027300100";+33 8 25 08 25 69;"69123";Lyon
4.78804822973651;45.7491280852209;way/139320700;hospital;Hôpital gériatrique Pierre Garaud;;no;;;"690787478";"101";;;;"26690027300316";"+33472168002";"69123";Lyon
4.88262186987398;45.7437454852589;way/210044368;hospital;Hôpital Édouard Herriot;;yes;no;;"690783154";"101";;;;"26690027300217";;"69123";Lyon
4.89088796044785;45.7409538526642;way/210044806;hospital;Hôpital d'instruction des armées Desgenettes;;yes;yes;;"690780093";"114";;;;"15100002300433";+33 4 72 36 60 00;"69123";Lyon
4.78659800120795;45.7881326223485;way/389668839;hospital;Clinique de la Sauvegarde;Groupe Capio;yes;;;"690780648";"365";;;;;+33 4 72 17 26 26;"69123";Lyon
4.79709392096812;45.7610496348213;way/407833724;hospital;Centre médico-chirurgical de réadaptation des Massues;;;;;;;;;;;;"69123";Lyon
4.85155648615131;45.722703514437;way/417615867;hospital;Hôpital Psychiatrique Saint-Jean-de-Dieu;;;;;"690780143";"292";;;;"77986872800030";"+33437901010";"69123";Lyon
4.82741371834473;45.7699470912617;way/424800569;hospital;Clinique Saint-Charles;;no;;;;;;;;;;"69123";Lyon
4.86961773723688;45.7380991638977;way/438075186;hospital;Clinique Saint-Jean;;;;;;;;;;;;"69123";Lyon
4.80444027837309;45.7589577395917;way/439432158;hospital;Clinique Lyon Champvert;ORPEA;no;;;;;;;;;;"69123";Lyon
4.80221686586632;45.752568115497;way/439434553;hospital;Clinique Villa des Roses;;;;;;;;;;;;"69123";Lyon
4.81833952018771;45.7623313749177;way/440125599;hospital;Hôpital gériatrique de Fourvière;;;;;;;;;;;;"69123";Lyon
4.83935557685596;45.7382296298358;way/47074215;nursing_home;Ehpad Gerland;Korian;;;;"690029590";"500";;;senior;"41983511100024";"+33472763650";"69123";Lyon
4.87167501532375;45.756842878366;way/477125371;hospital;Clinique Émilie de Vialar;;;yes;;;;;;;;;"69123";Lyon
4.79984200319787;45.7596231256561;way/478327304;nursing_home;La Roseraie;;;;;"690790357";"500";;;senior;"77567227230816";"+33472388438";"69123";Lyon
4.83876701338016;45.7508299987003;way/48676472;clinic;Service de Consultations et de Traitements Dentaires;;;;"Mo-Fr 08:30-15:00; Sa 08:30-11:00";;;;;;;+33 825 08 25 69;"69123";Lyon
4.8556875247773;45.7708243653884;way/504415690;nursing_home;Résidence Tête d'Or;Groupe ACPPA;;yes;;"690041074";"500";;"88";senior;;+33 4 37 47 32 70;"69123";Lyon
4.84540863049988;45.7595580430261;way/62265735;clinic;Clinique Part-Dieu;;;;;"690780226";"128";;;;"75405149800022";+33 4 78 60 59 19;"69123";Lyon
4.87118143993164;45.7362541131407;way/62345594;hospital;Croix-Rouge française;;no;;;;;;;;;;"69123";Lyon
4.87945295838342;45.7270216661351;way/62345771;nursing_home;Résidence Monplaisir la Plaine;;;;;"690790381";"500";;;senior;;"+33478781717";"69123";Lyon
4.87800371851345;45.7413239776942;way/62347452;hospital;Centre Léon Bérard;;no;yes;;"690034376";;;;;;;"69123";Lyon
4.87475096075324;45.7359567760135;way/801854993;hospital;Clinique Iris;;;yes;;"690025366";"109";;;;"97250050800031";"+33437903100";"69123";Lyon
4.81789397274495;45.7825743739622;way/90337898;nursing_home;Le Clos d'Ypres;;;;;"690801063";"500";;;senior;"34117411800248";"+33472004848";"69123";Lyon
4.85929206516469;45.7716493062302;way/904420248;hospital;Clinique du Parc;;;;;;;;;;;;"69123";Lyon
